<project 
  default="assemble"
  xmlns:j="jelly:core"
  xmlns:maven="jelly:maven"
  xmlns:artifact="artifact"
  xmlns:ant="jelly:ant">

  <!--postGoal name="site">
    <ant:copy file="${basedir}/images/organization-logo.jpg" todir="${maven.build.dir}/docs/images"/>
    <ant:copy file="${basedir}/images/project-logo.jpg" todir="${maven.build.dir}/docs/images"/>
  </postGoal-->
  
<!--  <preGoal name="assemble">-->
<!--    <ant:echo message="${basedir}"/>-->
<!--    <ant:mkdir dir="${maven.repo.local}/jhlabs/jars"/>-->
<!--    <ant:copy file="${basedir}/lib/imaging-1.0.jar" todir="${maven.repo.local}/jhlabs/jars"/>-->
<!--  </preGoal>-->
  
  <goal name="assemble" prereqs="jar:install"/>
  
  <preGoal name="dist:build-bin">
  
  <ant:copy todir="${basedir}/target/${pom.artifactId}-${pom.currentVersion}/bin/${pom.artifactId}-${pom.currentVersion}">
  	<ant:fileset dir="${basedir}/src/scripts">
  		<ant:include name="*"/>
  	</ant:fileset>
  </ant:copy>
  
  </preGoal>
</project>