<project 
  default="assemble"
  xmlns:j="jelly:core"
  xmlns:maven="jelly:maven"
  xmlns:artifact="artifact"
  xmlns:ant="jelly:ant">

  <postGoal name="site">
    <ant:copy file="${basedir}/images/organization-logo.jpg" todir="${maven.build.dir}/docs/images"/>
    <ant:copy file="${basedir}/images/project-logo.jpg" todir="${maven.build.dir}/docs/images"/>
  </postGoal>

<!--  <preGoal name="assemble">-->
<!--    <ant:mkdir dir="${maven.repo.local}/jhlabs/jars"/>-->
<!--    <ant:copy file="${basedir}/lib/imaging-1.0.jar" todir="${maven.repo.local}/jhlabs/jars"/>-->
<!--  </preGoal>-->
  
  <preGoal name="war:init">
    <ant:copy file="${basedir}/src/conf/toddlist.properties" todir="${maven.build.dir}/${pom.artifactId}/WEB-INF/classes"/>
  </preGoal>
  
  <goal name="assemble" prereqs="war:install"/>
	
</project>