<project 
  default="assemble"
  xmlns:j="jelly:core"
  xmlns:maven="jelly:maven"
  xmlns:artifact="artifact"
  xmlns:ant="jelly:ant">
  
  
  <postGoal name="java:compile">
    <ant:copy todir="target/classes">
    <fileset dir="src/java/">
     <include name="**/*.properties"/>
     </fileset>
    </ant:copy>
  </postGoal>
  
  <preGoal name="test:test">
    <ant:copy file="src/conf/toddlist.properties" todir="target/test-classes"/>
  </preGoal>
  
  <!--postGoal name="site">
    <ant:copy file="${basedir}/images/organization-logo.jpg" todir="${maven.build.dir}/docs/images"/>
    <ant:copy file="${basedir}/images/project-logo.jpg" todir="${maven.build.dir}/docs/images"/>
  </postGoal-->
  
  <goal name="assemble" prereqs="jar:install"/>
  
</project>